figure1,figure2,figure3,figure4,figure5,figure6,figure7,figure8,figure9,label
500067.2451,,0.010726426,0.0113303,0.020029156,0.010779816999999999,0.03056735,,1.07399477,1
,0.010849893999999999,,0.010511245,0.020133455,0.020564474,0.030540981000000002,0.010068921,1.6840960669999998,1
,0.08099704099999999,0.080147895,0.011039601999999999,0.030251095,0.040315473,0.030300657,0.070042039,,1
400029.8284,0.010004393,,0.031259851,0.020256022,0.01040871,0.030947513,0.010919281000000001,,1
3351164.463,0.319121855,0.171502906,,0.10458949699999999,,0.17751666100000002,0.157391752,6.345794848,0
100088.9904,0.010861348,0.010076411,,0.020493078999999997,,0.030724406,0.01019911,1.620671947,1
200050.1415,,0.02041084,,0.020370476000000002,0.010862272,0.030684762999999997,0.010634198000000001,1.154369805,1
200027.6995,0.010845351000000001,0.010142991,0.010688419,0.020079302,0.010876145,,,5.381345204,1
,0.020878873,0.01079892,0.011001593999999998,0.020515677,,0.02023158,0.010899533999999999,1.161133972,1
100057.425,0.010746182,0.010930248,,,0.010365236,0.030598591,0.010668486999999999,1.758112431,1
200041.2804,0.010117489,,0.01176417,0.020087336,0.01053901,,0.010617153,,1
3420853.8260000004,,0.108235698,0.076888157,,0.257886429,0.39532244899999996,0.102246291,3.6322862110000003,0
500070.2765,0.030168832000000003,,0.03129208,,0.030335479,0.040619569,0.040992886,1.685535709,0
4849119.061000001,0.393100314,0.36154498,0.20941395899999998,,,0.026242771,0.40058618100000004,4.076194449,0
100038.1266,0.010928011000000001,,,0.020597061,0.030654752,0.030915013999999998,0.010433183,1.530629304,1
800006.4932,0.070169484,0.050293959000000006,0.273116419,0.070631882,,0.050622029000000006,0.050047534000000005,,0
2250492.685,0.139419452,0.29121571399999996,0.052210355,,0.473004473,0.045779071,0.454219185,,0
700023.4251,0.040387862999999996,,,,0.010927063999999998,0.040087772,0.030332399,1.335311331,0
400020.3504,0.010382569,0.010797885,0.011197773999999999,,0.010542899,0.020780868,0.010521882,,1
400081.37799999997,,0.010711403000000001,0.011836763,,,0.030280293,0.010598100000000001,1.4525925419999999,1
2839486.76,0.21050289100000003,0.046034353,,0.18312389699999998,0.254976519,,0.30745178300000003,3.6869972360000003,0
3341021.9280000003,,,0.060526625,0.040039762,0.038743741,0.040641341,0.010174061,2.359606318,0
600037.5052,,0.010825415,,0.020406659,0.010463063,0.030202674,0.01086955,1.5583192,1
700077.4994,0.030709639,0.020035023,0.067408544,,0.42530703299999995,0.050452946,,4.742545366,0
3762713.792,0.012013663,0.24557290199999998,0.24618927100000002,0.267191637,0.07226345299999999,,0.18524289600000002,4.6839876039999995,0
4632902.415,0.050174118,0.050249669000000004,,,0.070099017,0.070570988,0.498775951,1.4293557890000002,0
300031.9206,,0.010480897,0.01116653,0.020577843999999998,0.010074844,0.020057343000000002,,1.124872759,1
100032.978,0.010640928999999999,0.010880839,0.01107465,,0.010241555,0.03091272,0.010825733999999998,1.0244340159999998,1
300020.4236,0.020808613,0.010280685,0.010586828000000001,,0.010578268,0.020234423,0.01081059,1.290185265,1
,,0.010599143,0.010831638000000001,0.020249969,0.010955438,0.02014265,0.010512563,1.317520583,1
200006.9973,0.010398118000000001,,0.011368494,0.020648321,,0.02046965,0.010577781000000001,1.653690134,1
3407301.561,,0.13913351,0.028452499,0.037094699,0.258672067,0.49525560799999996,0.113267231,5.034138433,0
,,0.030833911000000002,0.010463967,0.020627515,0.010534641,0.010385442,0.01087345,1.935730873,1
300028.6446,0.010360468000000001,,0.010877929,0.01040003,0.010517723999999999,,0.010231367,1.4578863340000001,1
3312255.4269999997,,0.070829788,0.031050682000000003,0.08009878,,0.070033389,0.040839035,3.240478397,0
200014.115,,,0.02061414,0.020113716,0.010490446,0.030599442,0.010090215999999999,1.763897944,1
300051.2087,0.01079104,0.020671117,,0.020653018999999998,,0.020863758,0.010262829000000001,1.759327383,1
4238554.82,0.169878582,0.143674805,,6.22e-05,,0.348284345,0.03232038,9.105357824,0
200092.8845,0.010026146,,0.011119711000000001,,0.010993716,0.020770984,0.010313802,1.743688341,1
3403731.397,,0.08545161800000001,0.080777538,0.060044074,0.010812944,0.080412073,0.090384163,1.105920417,0
600074.9848,,0.0109433,0.010825878999999998,,0.010405921,0.070604389,0.010094804,1.68156043,1
,0.040492312999999995,0.040289772,0.090795004,0.020144842,0.21020021600000002,0.050378972,0.06027032,1.463260579,0
200023.9492,0.050834012000000005,,,0.060633730999999996,0.070799716,0.070208514,0.050896255999999994,1.212163205,0
4582482.053,0.040131354,0.030113755,0.011131061999999999,,0.030969965,0.060564883,0.05021769,2.098518738,0
3399536.037,,0.199631657,0.040723594,,0.40565871,0.18980264300000002,0.15953391,2.064310221,0
600084.2388,0.348824784,0.10183821900000001,0.020780117,0.08005190200000001,0.359090453,,0.030279962,3.175009737,0
,0.060832708,,0.061150221,0.288936743,0.010794792,0.030038691,0.010726669,1.16356991,0
3494313.461,,0.33316324399999997,0.041323213,,0.010656849,0.080231887,0.20659167899999997,1.665987216,0
300079.3878,0.070213022,0.070506787,0.040881756,0.040966756,,0.040383715,0.08003057,,0
100046.9105,0.010522315,0.010328088000000001,,0.020603543000000002,0.01084784,0.020504616,0.010007911,,1
,0.010397357,0.010753523999999999,0.031202031,0.020410705,0.010732366,0.030151105,0.010815233,1.7027023069999998,1
700068.7579,0.08047911,0.07083600599999999,0.020977912,,0.080757123,0.030405197999999998,0.08070190099999999,2.153590377,0
500098.6852,,0.030253716,0.040620392000000005,0.020584736,0.040344915,0.030704232999999997,,1.95345707,0
3462291.963,0.030604477999999997,,0.020639037,0.030562001000000002,0.050546484,0.040550828,0.049315119000000004,2.5408840809999997,0
500082.9581,0.050944909000000003,0.050435165,,0.136595267,0.080903263,0.070604106,,7.679733897999999,0
800070.6085,0.221533045,0.216647633,0.011022478,0.030340802000000004,,0.03053837,,1.036563018,0
800059.5336,0.020437946999999998,0.040600481,0.010598543,0.050426247,,0.050303222,0.040780123,4.809203851,0
,0.087619721,0.096601156,0.000715145,0.146697554,0.367279563,0.318653145,,3.692093837,0
500049.6722,0.020744066999999998,0.030107758999999998,,0.060416332,0.060254083,0.050892955,0.010025853000000001,1.120187018,0
900086.5133,0.050442904000000004,0.050899981,0.021074653999999998,0.020424087,0.020764567,0.050524437,0.010754481000000001,,0
500006.8028,0.030052999999999996,0.050550465,0.050830754000000006,0.030672727,0.030618653,,0.490798104,,0
100096.8546,0.010087822,0.010427357,,0.020128181000000002,0.020360583,0.020191073,0.010714398,1.54644944,1
900009.8756,0.308210666,0.134505304,0.010436858,0.037946347000000005,,0.030039796,0.030804331,1.398880752,0
600054.6977,0.030655582,,0.011707704,0.050566253,0.020754113,0.030519515,0.09058590400000001,1.415093387,0
100040.29699999999,0.010032336,0.010447369,,0.020503441,,0.020056096000000002,0.010335196999999999,1.18073776,1
2688406.3239999996,0.279838966,0.47239199600000004,0.278933558,0.0037383790000000004,0.24839971100000002,0.011206826999999999,0.026915774,,0
,0.040719802,0.020354651,0.010867112,0.030660605,0.020519937,0.040331736,,7.04368988,0
400061.3682,0.010110408000000001,,0.010428059,0.020511206,0.010740318,0.030254168999999997,0.010845585,1.9236756130000001,1
500078.2968,0.030216647000000003,0.040881681,0.011113902,,0.446737156,,0.090927719,1.653699889,0
800056.6621,0.03081102,0.08073409200000001,,0.040101762,,0.080275846,0.090266098,8.932613572000001,0
100081.1319,0.010138662,0.010406432,0.010517987,0.020001321000000002,0.010893007,0.030453498,0.020578421,,1
,0.357235818,0.020604179,0.08077727,0.023185971,0.020983892999999997,0.070964548,,3.386036753,0
100094.4029,0.030923556,,0.021073136,0.020334043,0.010522773000000001,0.07027335400000001,0.020718379,1.794657885,1
2256656.6969999997,0.33960982799999995,0.479690291,0.130721724,0.17056138399999998,0.280428369,0.247228174,,3.389274424,0
,0.040377158999999996,0.050496192,0.19864663,0.060834364,0.448823271,0.040202117999999995,0.08046909299999999,1.440035596,0
2202149.941,0.060167812,0.040310469,0.01061429,,0.040063851,0.030761336,0.020402662,3.257613737,0
100047.3031,0.010540223,0.020578574,0.010702042,0.020551076,0.020051456999999998,0.040307496,,,1
100082.8802,0.010101661999999999,0.040943609,0.011589928999999999,0.020378027,0.01061767,,0.010830561,1.228669482,1
500032.2482,,0.01042694,0.021116502000000002,0.020075506,0.010888024,0.020562447,0.010194355,1.064187087,1
300097.6147,0.010933229,0.010033128,,0.020705763000000002,0.030596761,,0.010968493999999999,1.767329511,1
200027.8211,0.010971591999999999,0.010929433999999998,,0.0300998,0.010166603,0.020102093999999997,0.010146246999999999,1.671202185,1
200007.2831,0.020360928,0.020924981999999998,0.010998957,,0.010372435,0.070162873,0.010389519,1.715212515,1
400075.1224,0.010644205,0.010358306999999999,0.021545991,,,0.02029521,0.010640006,1.6420608280000002,1
4665172.804,,0.387667156,0.083782972,0.29590333,0.144282654,0.13452340699999998,0.297097088,5.74125622,0
500092.2338,0.020207911999999998,0.01078686,0.010237956999999999,0.020079297,0.010626954,0.030411333999999998,0.01063859,,1
300032.7024,0.010039604,0.010511582,0.010974102,0.020763575,,0.070781537,0.010935583,1.8161401030000002,1
300080.4069,,0.070562527,,0.08025362,0.09071925,0.070693513,0.184155519,7.317427864,0
500053.825,0.303863483,0.06068479400000001,0.011374626,,,0.040773066000000004,0.327805545,4.8693243939999995,0
300046.3295,0.030991307000000003,0.060092397,0.041795741000000004,0.050171572000000005,0.080907235,0.040752219,0.040286175,,0
2699503.057,,0.47400118,0.18778194199999998,0.023194434,0.310212593,0.141420046,,2.622189857,0
300095.1907,0.060955372,0.060942937999999995,0.060607904000000004,0.050590964,0.21956704100000002,,0.080162964,3.505636618,0
400007.6273,0.010724247,0.010096594,0.010751183000000001,,0.010230134,0.030358545,0.010134343,1.635661389,1
200070.8671,0.010580892,,0.021905632,,0.010387846,0.020249853,0.010364752,1.950894415,1
100023.4926,0.010540258,0.010909396000000002,0.010617595,0.020926301,,0.030609187000000003,0.010004808,1.443964155,1
300039.8896,0.010705441000000001,,0.02145869,0.020777462,0.010657183,0.010528315,0.010825773,1.06001882,1
400026.8124,0.010005029,,0.01117427,0.020313736000000002,0.010797085,0.030285176,0.010014895,1.8667498969999998,1
100083.2513,0.010782516,0.010650345,0.010930815,0.020328723,0.010305566,0.020018022,0.010162207,,1
,0.01092686,0.010385145,0.011303291000000002,0.02076677,0.010681256,0.030714537000000004,,1.355073652,1
100064.9751,0.010008296,0.010649302,0.011442646,0.020988943,0.010932601,0.030461522999999997,,1.997003272,1
200070.3953,0.010824628000000001,,0.020863813999999998,0.020603017,0.010560318999999999,0.01084584,0.010284805,,1
500093.2303,,0.010575686,0.011553202,0.020602258000000002,0.010656463,0.030309934,0.010331644000000001,1.6524510730000002,1
900068.7653,0.060997137,0.090631919,0.020253273999999998,,0.060286564,0.020354826,0.09053576199999999,1.3625109830000002,0
700056.8354,0.050227653,0.060278204,0.136056106,,,0.070905157,0.09086582900000001,4.387245431,0
4584787.28,0.030919542,0.050839836,0.010739967,0.157833939,0.050440900999999996,0.03087576,0.43809216799999995,,0
200063.4579,0.030641999,0.040426835,0.041088717999999996,0.020631146,,0.020020991999999998,0.05007682,1.0251349859999999,0
400036.3229,0.01010532,0.020631622,,0.020149194,0.010034096999999999,0.03078225,0.010327245,1.421112254,1
4135205.2789999996,,0.029820812000000002,0.151038804,0.20730867600000003,0.305046123,,0.10179619,5.79593463,0
800036.87,0.020763844,0.030270185,0.010368615,0.060358944000000005,0.030363163999999998,0.070267443,,1.725775267,0
4618438.978999999,0.134356173,,0.014748731999999999,0.005402016,,0.080029036,0.080637102,8.370362687,0
,0.030104252999999997,0.040554255,0.041029223999999996,0.030169196000000002,0.03068468,0.030554567,0.020006036,7.841560087,0
4814006.021000001,0.49334002200000004,0.386103366,0.08067488,,0.026912151000000002,0.040074534,0.010460743,,0
,0.060219062000000004,0.080090384,0.145931069,0.080824558,0.431093716,0.05081751599999999,0.070460381,1.5710258730000002,0
100033.8604,0.010922708,0.010744381,0.010340427,,0.010166227,0.020365939,0.03071821,1.176855058,1
600057.4126,,0.040032615,,0.030278771,0.09064493800000001,0.070287204,0.080321931,3.957384023,0
100048.6932,0.030857544,0.010429743,,0.020387663,0.020895733,0.050887767,0.030393612999999996,2.265322036,1
1010.9981359999999,0.23767715,0.340449778,0.002223054,0.163246889,0.22146733300000002,0.27400457899999997,,8.78327699,0
2419067.836,0.20846737699999998,,0.172187736,0.236035566,0.340197496,0.18568928899999998,0.039114355,0.609502224,0
800087.8328,0.060188267999999996,0.04052234,0.030591127000000003,0.050680884,0.09078175599999999,0.030807365,,1.373563808,0
3181700.435,0.030759194,0.03090963,0.24202515600000002,0.020607986000000002,0.023921900000000003,,0.030533665,3.08750035,0
4941688.489,0.190074601,0.106635195,,0.050173725999999995,0.080811106,0.080144828,0.010974828999999998,1.6401165480000002,0
300008.4258,0.030642338999999998,,0.010986376,0.020340101,0.030616239,0.030303756,0.010089219,1.1806168879999999,1
100056.3238,,,0.010658477,0.020825292,0.050763927,0.010947638999999999,0.010333547,1.045051107,1
800053.9311,0.03037641,0.03090905,0.011099541000000001,0.020150413,0.020333703999999998,,0.020550294,1.723173479,1
,0.050212547999999996,0.05089456,0.08200887,0.040117089,0.36912849600000003,0.070831383,0.05018500099999999,8.347437646,0
100023.30900000001,0.010792157,0.010398517,0.010614057,0.040126313999999996,0.030864627999999998,,0.010564354,1.660616825,1
300058.7362,0.020145443,0.01062502,0.011090448000000001,0.020490138,,0.030905047999999997,0.010498388999999999,1.3838686009999999,1
100045.8974,0.010489142,0.020567597,0.020709213,0.020909701,0.010578598,,0.010661395,1.627346502,1
3934382.078,0.191468995,0.014833876000000001,,0.141076292,0.019000768,0.050184259,0.03019751,,0
500066.0836,0.030186612,0.050214166,,0.08012564900000001,0.477122162,0.050437317999999995,,1.910569989,0
100035.3879,0.01048523,,0.011285921,0.020303279,0.010042968000000001,0.020835508,0.010369308,1.800558656,1
700034.7186,,0.030880581,0.070869184,0.04089572,0.371186167,,,5.745847484,0
300025.3718,0.010141057,0.010235122,0.011575933,0.020656613,0.010543673,0.030386681000000002,,1.8131128140000001,1
800095.2528,0.030732217000000003,0.050244865,0.041121824,,0.468724784,0.010788253999999999,0.060852921,2.383306319,0
,,0.010640917,0.011056636000000002,0.051275779,0.010333847,,0.010494357,1.6172792319999998,1
500015.8406,0.010034493,0.030304524,0.01045325,0.020827573999999998,,0.020677499,0.010793863999999999,1.57549486,1
200036.1297,,0.010825621,0.011403,0.020650758999999998,0.010237342,0.030477402999999997,0.010936419,1.530051705,1
500074.1629,0.236160533,0.08088368900000001,0.146437671,,0.256681993,0.030775817,0.060331410999999995,3.275069756,0
300070.59,,,,0.020184015,0.010087459,0.020308915,0.020230878,1.24862896,1
300070.0892,0.010743214,,0.011771163999999999,0.030936883999999998,0.010031879,,0.010043818000000001,1.45163877,1
500000.6226,0.010638541000000001,0.01080132,0.010873704,0.020521581,0.020840339,,0.030255205,1.2277128259999999,1
400037.4346,0.010594183,0.010157113,0.011557268999999998,,0.010562666,0.020897153999999998,0.010368079,1.804449584,1
300090.1496,0.010498623,0.010625165,0.010641204,0.020618855,0.010086895,0.010375498,,1.986104242,1
400031.8345,,0.020698985,0.011417967,,0.010674673999999999,0.020913981,0.010820961,1.02999195,1
300059.7083,0.010426504,0.010085869,0.010827627,0.020015542,0.010094686,,0.010952483,1.535664191,1
,0.010076239,,0.011642623999999999,0.020935012,0.010973413000000001,0.010372526,,1.08707722,1
100012.5014,0.010290587,0.010888567,0.011579417,0.020212222,0.050959152,0.010930233000000001,,1.802091441,1
200038.8356,0.010561335,0.010263666,0.011298998999999999,0.020692682,0.010716604,,0.01059367,1.98914491,1
300081.7688,0.040633333,0.050234786,0.020541513,,0.08004309,0.040757632,0.010659648,,0
,0.010930776000000001,0.010839656999999999,0.031056342,0.080226995,0.010713714,0.050724502000000005,0.080344218,1.939398362,1
800086.199,0.080977769,0.07049554,0.040632568,0.134411446,0.12045239999999999,0.07050964700000001,,,0
100008.3821,,0.010152366,0.011633796,,0.010913675,0.030576705,0.010287909,1.6838386140000001,1
700033.7712,0.020661735,0.040230768,0.010298065,0.060890177999999996,,0.050150015,0.040946328,3.78373648,0
4689229.338,0.16668634300000001,,0.060838105,0.040982215,0.05019383400000001,0.080828743,0.129982639,1.5341375680000002,0
,0.010473818000000001,0.010562948,0.011534373,0.020044891000000002,0.030564458,,0.010498100000000002,1.885359451,1
100098.4448,0.010356256,0.010291829,0.011007546000000002,0.020515163,0.010053195,0.010843631999999999,,1.8990048990000001,1
500054.8251,,0.050622305,,0.030647227000000003,0.379487081,0.030953857999999997,0.010176944,1.625937626,0
100074.9251,0.020671022,0.020715905,,0.020842404,0.010496963,0.020762405,0.010179877,1.137868992,1
200084.1852,0.010959645,0.010280731,0.011620501,0.020914425,,0.030428096,0.010041851999999999,1.217801594,1
3446691.216,,0.48792240200000003,0.236014532,0.12365381199999999,0.49667138200000005,0.178352875,0.376428921,,0
900090.3098,0.09079774199999999,0.277721769,,,0.055024249000000004,0.07032798,,6.041819864,0
2042279.226,0.070590776,0.070781392,0.040423144,0.050512347,0.298522615,0.050336112,0.070953346,,0
400074.5093,0.010912197,,0.011189329,0.020333924,0.010632833000000001,0.030415546,0.020576499999999998,1.616443485,1
300072.9372,0.010101129,0.01090207,,0.020615848,0.010150578,0.030838271,,1.93966101,1
100071.74699999999,0.010293295,0.010289636,0.020573917,0.010161352,0.03029701,,0.010528414,7.354455731,1
,0.060051587999999996,0.070499558,0.081228362,0.08082795599999999,0.2152976,0.030273748,0.365359009,3.41062909,0
3868641.0330000003,0.080504128,0.423151819,0.25717103199999997,0.060669963,0.010347397,,0.010295302,4.408764689,0
,0.010768376000000001,0.010677062,,0.020393773,0.010391818,0.030206963,0.01072452,1.945579189,1
100053.049,0.010282985,,0.021715165,0.010926472,0.01051412,,,1.6766446780000002,1
300085.9717,0.01022536,0.010696619,,0.020410393,0.010853075,0.010429082,,1.988302262,1
100067.7725,0.01033129,,0.011122361,0.020698246,0.010588625,0.030100866,0.010412395,1.7668313869999999,1
100080.5838,0.010453251,,0.011049585,0.02005555,0.010384048,0.02024064,0.010227809000000001,,1
600053.1243,0.20403174699999999,0.231009082,0.284332942,0.080924103,0.047403840999999995,,0.225481745,7.66238186,0
800095.5896,0.060509886,0.050515005,,0.030951097,0.320037255,0.060070307,0.010706081000000001,1.244165287,0
,0.080382514,0.070679409,0.071595043,0.095007625,0.066019409,0.050146062000000005,0.070693963,1.2955072509999999,0
200054.1518,0.010905483,0.010976793,0.011329265,0.020043723,0.010797923999999999,,0.010436745,1.680178371,1
500028.166,0.41315336,0.4956016,0.031263699,0.080048806,,0.050581013,0.226411215,3.52784683,0
,0.030628267,0.030752243,0.03091259,0.060654342,0.32609979899999997,0.030940506,0.010092531,1.4115935130000001,0
100068.4864,,0.010827052,0.011024083,0.01065105,0.010503911000000001,0.030530925,0.010379124,1.602638218,1
100020.8258,0.010618302,0.01078143,0.011622631000000001,0.020282511,0.010649273,0.010922184,0.010330671999999999,,1
600060.8161,0.01038302,0.010190883000000001,0.011281341,,0.010124322,0.030157387999999997,0.010414998,1.583533174,1
,0.080991194,0.080428641,0.081145811,0.050657704000000005,0.41349916600000003,0.070009387,0.08012861,1.551792515,0
,0.070286827,0.060014457,0.041570011000000004,0.040841915,0.154038454,0.050944523,0.010919713999999999,1.583570619,0
100013.3395,,,0.061047842000000005,0.050509767000000004,,0.070522452,0.20118179,1.51181992,0
100010.2408,0.020535206,0.030134702000000003,0.010748677,0.020730992,0.010063401999999999,0.030492787,0.010229924,,1
2693286.0889999997,0.261973825,0.462718445,0.117432156,,0.44211565799999997,0.350289755,0.12093614800000001,0.842580013,0
700015.2902,0.050689435,0.36951093100000004,0.23410322,0.178116017,,0.040449966000000004,0.145462869,3.9961561110000003,0
500015.2538,0.010050455,,0.010406199,,0.01058614,0.020938675,0.01061808,1.354534305,1
,0.010184434000000001,0.010419737,0.010422138000000001,0.020102537,0.010546363999999999,,0.010691506000000002,1.971258815,1
300008.9569,0.010045658,0.010532537,0.011385283999999999,,0.010567413000000001,,,,1
400045.4425,0.010885042,,0.010542322,0.020276247,0.01022914,0.030952927999999998,0.010689421000000001,1.886543862,1
800066.8896,0.040839794,,0.051180205,0.040656922000000005,0.070778967,0.07058047,0.08050323,2.454694865,1
500083.1302,0.010118155,0.010544833,0.041557174,0.020392949,,0.030281627000000002,0.010904771,1.4134272890000001,1
100079.0235,0.010410415,0.010901124,,,0.010378684,0.010633021999999999,0.010031557,1.217732068,1
300071.2711,0.010120229,0.010051827,,0.020469747,,0.020766312,0.010336217,1.125654587,1
900047.2598,0.070572093,0.070808603,0.050915065999999995,0.050326902,,0.070646078,0.080433692,3.3089145939999995,0
3582301.8880000003,0.08094939,0.080334905,0.040275643,0.111027617,0.13871935900000001,0.080698897,0.01065945,,0
100095.8059,,0.010228683,0.010649803000000001,0.020019822,,0.030036335,,1.782872073,1
100050.5776,0.010989865,,0.010991768999999998,0.0204493,0.010768655,0.030627936,0.010314700000000001,1.693787615,1
500030.5053,,0.283715028,,0.060078238,0.0030539020000000003,0.07072128,0.18735557100000003,5.009802252,0
4174975.8839999996,0.484388831,0.41224971,,0.133407713,0.21846639,0.152149234,0.145430165,5.632376154,0
,0.479804639,0.323173033,0.261726281,0.249240501,0.468341805,0.43009512,0.19861413,5.393105802999999,0
3822247.373,0.189786743,0.09095537,0.030948517000000002,0.07042830900000001,0.050423025999999996,0.030218923999999998,,1.770954221,0
100046.4699,0.0106227,0.010680291000000001,0.010770517,0.010564816000000001,,0.030872281,0.010860025,1.042659856,1
100061.9387,,0.010860561999999999,0.011111883000000001,0.01097403,0.010954775,0.030988621,0.010157718,1.378186137,1
800061.5329,0.23828734,0.45594490600000004,0.299700175,,0.282498047,0.080233339,0.244809695,6.704339624,0
,0.007426928,,0.080364095,0.040448443,0.080259445,0.070345795,,1.7295130459999999,0
100012.3794,0.010231278,0.010917423999999998,0.010806778000000001,0.020132223,0.010388063000000001,0.030840621000000002,,1.224277071,1
3765099.337,0.078346924,0.235783938,,0.0709698,0.13490581599999998,0.070984863,0.494870071,4.269054732,0
3300304.52,0.271495847,0.029845516000000002,0.174551259,,0.09183784800000001,0.430828362,0.06022045,1.673031165,0
800041.1308,0.07079329200000001,0.080920043,0.07027152099999999,,,0.050669643,0.016316286,2.477492198,0
100082.8982,0.010373014,0.010300063,0.011078214,0.020591481000000002,0.010226748,,0.010320643000000001,1.6237164130000001,1
600093.5114,0.329015153,0.070073391,,0.060998143,0.040269732999999995,0.08093187,0.16597901,2.236444933,0
,0.010753835,0.030767398999999997,0.011030518999999999,0.020245871999999998,0.010934658,0.030479784,0.010882528,1.1771237540000001,1
100005.2211,0.010621863,0.010084952,0.021052527,,0.010770762,0.030685797999999997,0.010867667,1.8296433859999999,1
,,0.040728764,0.031523189,,0.37437349799999997,0.090213694,0.32218322899999996,1.7669216680000002,0
400074.76700000005,0.010359278000000001,0.01044789,0.031082695,0.010326581,0.050287294,,0.010181705,1.934478273,0
,0.050088852,0.060651249000000004,0.031806323,0.030940181,0.080591463,0.070000809,0.040903006,1.107888905,0
2732518.6810000003,0.050341677,0.050169502000000005,0.061049966,0.030073851000000002,0.084618981,0.070314457,0.09080922,,0
100022.1653,0.010548671,0.010531448999999998,,0.020587141,0.010477596,,,1.099095282,1
3286881.061,0.444817652,0.054816303,,0.153454296,0.47610255,0.271635118,0.125706738,,0
2030532.3669999999,0.21888655699999998,0.140115045,0.25203934699999997,,0.289286155,0.4577383,0.447798263,7.680579002999999,0
3826464.347,0.050513521,,0.040291446,0.040188603999999996,0.221369989,0.080628272,0.090364775,1.895891574,0
100022.1057,0.010814426,,0.010942381999999999,0.010891293,0.010253518,,0.010125419,1.09908965,1
600081.9509,0.08058981700000001,0.070659548,0.051860650999999994,0.060058442999999996,0.080123318,,0.090370104,2.772495067,0
800077.1478,0.040187172,0.060294772999999996,,0.030795694,0.010301705,0.040607462000000004,0.030461972,,1
4873925.565,0.04061133,0.050950367999999996,,0.050832419000000004,0.155877476,0.040070508,0.010266312,1.178982479,0
,0.030051942,0.020694286,0.0108049,0.030560307000000002,0.010202091,,0.060729367,1.338955678,1
,0.080575727,0.080206807,0.021314287999999997,0.080762368,0.027656886000000002,0.040938246,0.080974474,2.330902722,0
900065.6846,0.080842345,0.080554762,0.05072117,0.060957495,,0.040901215,0.06597374,4.51015252,0
800099.0381,0.492623156,0.304379354,,0.060147475,,0.030171375,0.17796106,5.873617425,0
2286339.571,,0.030557857999999997,0.021074028999999998,0.030348963,0.442760614,,0.030055857999999998,2.628923939,0
500042.4253,0.010149057,,0.03058861,0.020015676,0.020973679,0.020734797,0.030752386,1.1015338890000002,1
,0.010028279000000001,0.010894901,0.030919436,0.010117606,0.010261303000000001,0.030893358,0.010972061000000002,1.3908547530000002,1
200058.3504,0.01075667,0.010841844,0.01114347,,0.010292302,0.030187247,0.010743148000000001,1.054616615,1
100008.32699999999,0.010796106000000001,0.010130857,0.011152695,0.020188895,,0.050045593,0.010655473,,1
100066.0155,,,0.010840081000000001,0.0208629,0.010785353000000001,0.030433492000000003,0.010347821,1.4317211719999998,1
500005.2305,0.010115207,0.01015364,0.020436418999999997,,0.02010604,0.030006074,0.010275042,1.99756035,1
800055.6831,0.040375092,0.040028902000000005,0.011665141,0.020674259,,,0.030674825,1.811602581,0
100071.2025,0.020828894,0.020009085,0.010703216000000002,0.020439426,0.010961285,0.010822906,,1.48565167,1
2106771.69,,,0.09994842699999999,0.02048281,0.010619773999999998,0.050292989,0.030438867,3.8944477560000004,0
4658705.334,0.126874603,0.066307363,,0.29462388899999997,0.42204036,0.144035322,0.125171441,4.589738668,0
2740824.095,0.272502446,0.413901966,0.264097393,0.014362406999999999,,0.364518058,,8.609815218,0
600064.5659,0.030943118,0.030733574,0.051006355,0.030173531,0.10813810300000001,,0.050902872,3.927356225,1
600038.0642,0.418503136,,0.020517765,,0.488167257,0.070719988,0.030232007,3.917493832,0
900010.3713,0.416674324,0.10185771699999999,0.01021982,0.007243809,0.080976671,,0.030635289,1.7135740119999998,0
500037.7512,0.060480804000000006,,0.020275587,0.040232067999999996,0.296617896,0.030460143,0.060003064,1.6183373840000002,0
300026.2861,0.010066521,,,0.020824072,0.010871886,0.010301075,0.010236005,1.34328789,1
,0.010897771,0.010116761,0.011342963000000001,0.020437753,0.010507087,0.020185475,0.010151499,1.936027327,1
300062.2924,,0.010746041999999999,,0.02099275,0.010390080999999999,0.030826811000000003,,1.124774041,1
500052.2928,0.070771303,0.070809789,,0.050841005999999994,0.08068328400000001,0.030171796,0.040237551,1.7305853619999998,1
2026745.169,0.050060362000000004,,0.290725638,0.030025062,0.152201789,0.050980159000000004,0.010312692,3.6464774319999997,0
500021.7792,0.27220885,,0.060985371,0.15183544699999998,0.483851442,0.447984915,0.060692767,5.833151986,0
800085.8554,0.080651069,,0.040260238,0.050062853,0.09501273800000001,0.07068802,0.080296785,1.398282228,0
4444760.813999999,0.040133603999999996,0.040468952,0.041183362,0.060316222999999995,0.000899662,0.050365498,0.05069879,,0
700028.3939,0.090638546,0.040087265,0.22713715,0.049718951,0.030200797,0.050598178,,3.83522051,0
500061.5393,0.010384943,0.040828717,,0.020846148999999998,0.010040698,0.03032936,0.02070935,1.322460397,1
2421498.31,0.437471361,0.060685945,0.031163954,,0.35588188200000004,0.04042864,0.030267345,2.552261617,0
300095.4847,0.030652916000000002,0.050267325,0.021294742000000002,0.030160845,,0.070268342,0.01075712,1.979129132,0
4639599.321,0.080381489,0.08096948400000001,0.021174854,,0.040773321,0.080572865,0.070450224,8.549308533,0
100038.4816,0.010300019,,0.010341439000000001,0.020752387,0.010094358000000001,0.030106786,0.010734893999999998,1.33042361,1
800016.2643,0.04034014,0.07029994099999999,0.010614606,0.030580634,0.43386339399999996,0.030713681,0.09036048599999999,,0
500079.6751,,0.010411185,0.011307563,0.020995324,0.010083700000000001,0.030468206,0.010093803,1.360636571,1
300011.3817,0.030456267000000002,0.050236489,0.021204904,0.030912045,0.059153955,,,1.756509544,0
,,0.060500042999999996,0.055922642,0.11130806900000001,0.019511488,0.299097263,0.302156753,6.608360944,0
2286130.358,0.428175384,,0.29932854,0.186082818,0.0037537020000000003,0.344466682,0.47301018799999994,3.5387916610000003,0
700084.7759,0.020945282,0.040180547999999996,0.011102525,,0.040122685,,0.030937608,1.694743233,0
300058.2781,0.010219119,0.010522333,0.011272518,0.020752911000000002,,0.030048427000000003,0.020414709,1.972733885,1
300058.6178,,0.010296172,0.010869618000000001,0.020139044,0.010632556999999999,0.020246833,0.010839972,1.32775496,1
100092.5838,0.010019875,0.010462782,0.011552803,0.020453072,0.010394759,0.020961595,,,1
100057.5078,0.010341765,0.010925232,0.010799945,,0.010618137,0.03007001,0.010142688,1.7390722269999999,1
3057680.3039999995,0.050766027000000005,,0.031116612000000002,0.03021832,0.070119132,0.030043137,0.030165558,8.954174456,0
300080.9377,0.010342804,0.010001009,0.011218388000000001,0.020867268,,0.030134951,0.010064921,,1
200060.8808,0.010618806000000001,0.010906606000000001,0.021073655,0.020482207,0.010495418000000001,0.030313483999999998,0.010323501,,1
100047.9914,0.040453021,0.030680042,0.028678291,0.040450337,0.05663822599999999,0.050185253,0.060084922,,0
3780261.703,0.040010163,0.060514952000000004,0.01028167,,0.177284671,,0.030040245,1.281501559,0
,0.449888009,0.108932562,,,0.120968415,0.280166655,0.07081032,3.230383067,0
,0.038489542,,0.09589450000000001,,0.306363554,0.040003122,0.150404545,3.471862979,0
,0.010649417,0.01099688,0.011243718,0.030265933999999998,0.010460448,0.020623161,0.010801853,1.6245729169999998,1
600004.8602,0.010342721,,0.010656057,0.040024804,0.05079354,,0.397820813,1.590608653,0
500016.9242,,0.060625242999999995,0.081063974,0.060603902,0.39054613299999996,0.040065535,0.175549216,4.660437966,0
100025.8446,0.010701773999999999,0.010393366999999999,,0.020229172,0.010092255,0.030240978999999998,0.01090257,1.047554673,1
500019.791,0.050887802999999995,0.070007662,,0.060479523,0.027148677000000003,0.070193782,0.040447988,1.348784809,0
500060.5693,0.030055058,0.040545285,0.031522262999999995,0.040594213,0.050665877000000005,0.04026768,,1.45134058,1
,0.020098361999999998,0.01050911,0.011432601,0.050932313,0.010469719,0.010306303000000001,0.010439371999999999,1.2409049970000001,1
900081.0615,0.010649783000000001,0.020246779,0.061212272000000005,0.040275013,,0.070166547,,2.715045013,0
3755544.915,0.23710758,,0.070717136,0.09092683900000001,0.35435230799999995,0.070160479,0.49646422100000004,8.123824259,0
100070.8113,,,0.010689123,0.02035852,0.010090458,0.030008247999999998,0.010372779,1.281507695,1
800085.9378,0.030125325,0.04004825,0.091104785,,0.056783169,0.030805831000000002,0.030659455,,0
4003045.293,0.080364477,0.04031632,0.040564235,0.040533362,0.45643771299999997,,0.24082849,4.1377628930000006,0
100020.3797,,0.010783418999999999,0.010821293999999999,0.020801732,0.010196571,0.030411294,0.010235693,1.8367227819999998,1
100099.3343,,0.010972399999999998,,0.020008668,0.010928281000000001,0.030520218999999998,0.010464125999999999,1.138601716,1
700009.3625,0.080863458,0.070586464,0.061197525,0.040336812,0.030332379,0.08098828799999999,0.080473717,,0
300065.0619,0.010291976999999999,0.010778043999999999,0.0112243,0.020669958999999998,,0.050272542999999996,0.010283915,1.3661568000000002,1
200021.5177,0.010133475,,0.011022802,0.030184637,0.010833703,0.020169665,0.010953266000000001,1.806759545,1
100024.3873,0.010672651000000002,0.010650986999999999,0.011238881000000001,0.020134248,0.010853092,0.010931693000000001,0.010564185,,1
800033.9688,0.060202585,0.040664615,0.18635306100000001,0.110413587,0.010701681000000001,0.030260042999999997,0.050028529,,0
100019.7862,,0.01093878,0.011761576000000001,0.020996169,0.010779483000000001,0.010989401000000001,0.010487553,1.8770487230000001,1
,0.010751156999999999,0.010535081000000002,0.010443791,0.010464366999999999,0.01074259,0.020673392,0.01087398,1.3531418130000001,1
600095.0758,,0.07039844,0.081069553,0.060617175,0.080274817,,0.090835724,,0
100039.4607,0.010000231,0.010670458,0.010730863,0.050080347000000004,0.010865584,0.030435373999999998,,1.963530287,1
400058.4465,,0.040440534,0.040670601,0.060652497,0.05036969,0.070376099,0.030441342000000003,1.0422977979999999,1
,0.060273834000000005,0.030132874,0.021377195,0.050300115,0.425902976,0.07000624700000001,0.040171436,6.972958333999999,0
300071.4643,0.010872425,0.010439204,0.011065337,0.020744465,,0.030701207,0.010804663999999999,1.189206843,1
500040.1536,0.040601251,0.060547643,0.227019143,0.020117721,,0.040752951,0.010702129,1.6671203,0
100085.8691,,0.010395136,0.011476354,,0.01019515,0.030330682,0.010642833,1.586439615,1
,0.020284293000000002,0.020398272,,0.02007691,0.010980588999999999,0.020206758999999998,0.030983253,1.675112416,1
3944081.345,0.010435316,0.010751348999999999,0.011460595,0.020247979,0.404956902,,0.040259869,1.361022049,0
3300107.202,0.41751373299999994,0.234696751,0.128576079,0.005481368,0.09337977199999999,0.12359992800000001,0.027094421,,0
2419276.277,0.20688497,0.251373132,,0.045095394000000004,0.30448072800000003,0.388616215,,2.537181023,0
4255788.524,,0.06271998,0.214966744,0.09526270099999999,,0.013875044,0.495192641,9.525281454,0
100050.455,0.010627582,0.010250852,,0.020103061000000002,0.010823563000000001,0.020427176000000002,0.010920345,1.083873508,1
800061.0688,0.066142663,,0.021174804,0.060870835,0.040352811,0.030400152000000003,0.165998743,1.974801667,0
2725360.381,0.040023913,0.060637961,0.041235615,0.050132987000000004,,0.070401039,0.010595708,1.6513495319999998,0
3951377.9669999997,0.040574933,0.070709445,0.021560026,0.020293776,,0.060781682000000004,0.0103274,1.231237816,0
500072.8683,0.010046534000000001,,0.010975013999999998,0.020441683000000002,0.010029076999999999,0.03067539,,2.403491143,1
500088.7285,0.020422531,0.020932195,0.020573278,0.020530162,0.010627356999999999,0.020373597,,1.122020518,1
500005.5848,0.040467734,0.060092229000000004,0.061613126,0.040701946,,0.040571868999999997,,1.268438821,0
100013.8216,0.010022628,0.01095354,0.010895433000000001,0.020343329,0.010078635,0.010302231,,1.25784617,1
600086.3065,0.050065074,,,0.040176114,0.08694157,0.030655948,0.040856538,1.3316652390000001,0
,0.010923956,0.010970455,0.010898396000000001,0.020895948,0.01020879,0.030964167999999997,0.01041436,1.152234013,1
100041.1314,0.010534143000000001,0.010597007,0.010943478999999999,0.01081837,0.010360443,,0.010747673999999999,1.34800766,1
800095.9141,0.050366796,0.050240227,0.051138246,0.020394471,0.312818197,0.040265392000000004,0.030791945,,0
4572122.183,,0.030070295,0.011200548000000001,0.020568259,0.287567416,0.070597248,0.060987952000000005,1.884153058,0
100098.0997,,0.010300041,0.011678352,0.020185616,0.01051677,0.030640152,0.010868951000000002,1.09427839,1
100023.3516,0.010149609,,0.011215153,,0.010129176,0.010293370999999999,0.010476879,,1
700009.6227,0.060350802,0.04007671,0.080222757,,0.375492692,0.090672016,,3.399019969,0
100038.4582,0.010335966,0.010354473000000001,0.011418285,0.020546013999999998,0.010230557,0.010686761999999999,,1.047401462,1
100050.0273,0.010784028000000001,0.010132011,0.010764626999999999,0.010993761999999999,0.010362969,0.010558721,,1.3423735030000001,1
400097.6632,,,0.051713977,,0.080189125,0.07097855900000001,0.060253728,1.7946821569999998,0
500049.2855,0.010131253,,0.031112128,0.020810785,0.010497953,0.010915723,0.010100984,1.544905898,1
,0.010886391,0.010086481999999999,0.010271239,0.020858317,0.010018645999999999,0.030728328,0.010816658,1.6862234630000001,1
300099.499,0.040674557,0.050616787,0.030881687999999997,0.070488556,,0.040773891,0.060285287,1.8936326959999998,1
400066.5325,0.010656488,0.010651401000000001,0.010302732,0.030548449,0.010009518,,0.020908543999999998,1.30366138,1
400053.1127,0.010624571000000001,0.01081836,0.010743718000000001,,0.010246035,0.010727819,0.010288205,1.721753273,1
,0.010728241999999999,0.020938169,0.010987456999999999,0.020139659,0.01022073,,0.010378229000000001,1.8777990709999999,1
300088.3789,,0.010000326,0.011152698999999999,0.010935813,0.010426481,0.02060516,0.010969584,,1
600040.4384,0.010849828,0.010640388999999998,,,0.010314755,0.010885716,0.010295545,1.070684335,1
600030.1206,0.010190918,,,0.010907082,0.010492885,0.01020714,0.010025819,1.92274457,1
400095.0582,,0.010106420999999999,0.0103839,0.020302341,0.01096144,0.010783657,0.010673256,1.800372092,1
,0.01000279,0.010106794,0.011384596,0.020420854,,0.010481286999999999,0.010820576,,1
,0.010152953000000001,0.010367109000000001,0.010848035,0.020859974,,0.010996031000000002,0.010275201,1.5436632330000002,1
400008.4627,0.010534161,0.020239608,0.01093448,0.0201521,0.010479595999999999,,0.010283419,1.984776237,1
400058.2181,,0.01034614,0.010840417,0.020170393000000002,0.010731293999999999,0.010246622,0.010081841,1.7156780669999998,1
400015.3069,0.080385216,0.07024962,,0.040686552,0.07675939999999999,0.07098505599999999,0.050534723,1.838969597,0
500007.3094,,0.010387064,0.011443793,0.010476649000000001,0.010889671,0.01002385,0.010128725,1.433260561,1
500058.0565,0.030003555,0.020421038,0.040874701,0.02039102,0.010393628,0.010601848,,1.4706247159999999,1
900028.7015,0.435237683,0.30147509100000003,,0.192562641,0.050689570999999996,0.17839359800000001,0.0719754,2.9820098980000003,0
800036.192,0.070638418,,0.051263628,0.050430213,0.16893487,,0.137598246,1.2690915440000001,0
,,0.020269994,0.010665688999999999,0.020728672,0.010613984,0.010900598000000001,0.010252779,1.749018468,1
100085.8312,0.010244086,,0.030375704,0.010235805,0.03081013,0.010702409,,1.5038877730000002,1
300034.7916,0.010803385,0.010740468000000001,0.010772388999999999,,0.010439577,0.020562794,0.010990311000000001,1.646809666,1
2253111.413,0.132650863,0.43240129,0.003921969,,0.0030054870000000003,0.080417079,0.010554477,5.307745582,0
300095.3569,0.06085219099999999,0.040182192,0.274804111,0.030866706,0.030894414,0.03049719,,1.1387246359999998,0
600020.6037,0.030467252,0.020065436000000002,0.0110127,0.030699716000000002,0.040460747000000005,,0.010794371,1.4755729340000001,0
100076.8245,0.010970698999999999,0.01061035,0.011862323000000001,0.020142515,0.010939672,,0.010438805,1.362459281,1
500061.5532,,0.090701553,0.040775808,0.030234516,0.400955984,0.070694164,0.010265121,1.7881134280000002,0
400091.8922,0.010078548,,0.010570258,,0.010041599,0.02075928,0.010324874,1.780295821,1
500060.2537,0.029054728999999998,0.228876943,0.22490823399999998,0.060951887999999996,0.248704142,0.060473122000000004,0.050649372000000005,,0
500070.2138,0.010817571000000002,0.020597834,0.056596015,0.040230147,,,0.01043403,1.13350386,1
300074.3675,0.010405829,,0.011338845,0.010555263999999998,0.010255004,0.020075201,,,1
100038.5102,0.010466312,0.010814578,0.011531257,,0.010533701999999999,0.010472616,,,1
400025.1504,0.020951536,0.010089437,0.011330783999999998,0.020764898,0.010996463,0.010265018,,1.3008190179999999,1
400003.67600000004,,0.010731279,0.010482978,0.020035536,0.010453946,,0.010230883,1.939409714,1
,0.010765285,0.010903857,0.010631073000000001,0.020677096000000002,0.010354071,0.020510472,0.010694707,1.9809036359999999,1
600064.5072,0.010574533999999998,0.010452231999999999,0.01127481,,0.010776398999999999,0.030685202999999998,0.010319494,1.286620389,1
,0.010915925,0.010070688000000001,0.011536265,0.020660822,0.010587068,0.020019078,0.01083695,1.8008202869999999,1
400051.7861,0.010495431999999999,,0.020574882,,0.010337497,,0.010793779,1.8961113509999998,1
400024.5667,0.010166012,0.010731865,0.01050584,0.020608102,0.010930628999999999,0.030636444,,,1
100029.7508,0.010325998000000001,,0.010978611000000001,0.02025711,0.010690902,0.01036318,0.010541884,1.884016736,1
300065.0474,,0.010424523,,0.020905487,0.010373541,0.010078815999999999,0.01003093,1.943731541,1
800089.1393,0.36110482200000005,,,0.070936997,0.050319935,,0.080288928,7.549158087,0
100086.1106,0.010067477,0.010953828,0.01029006,0.020514081,0.040387512,0.01097861,,1.728386825,1
500020.9915,0.010068978000000001,0.010208906,0.010991092,0.020571356000000002,0.010615856000000002,0.010560914,,1.5767582980000001,1
200039.9094,0.010166785,0.010116331999999999,0.011072433999999999,,0.010039699000000001,0.010801622,0.010406417,1.025857471,1
100088.7883,0.010947438,0.01064622,,0.020971035,0.010422483,0.010053905,0.010787037,1.4465309780000002,1
500025.6528,0.010811088,0.010108411,0.011544219,0.020508818999999998,0.010567686000000001,0.020309191,0.010747136000000001,,1
500096.6802,0.010710456,0.010983497,0.010428595,0.020883354,0.010333656,,0.010804784,1.5212029530000002,1
300061.9157,,0.010248344,,0.010402505,0.010965192,,0.010330524,1.372312661,1
,,0.070606356,,0.030858025,0.268921421,0.08053841,0.43545626200000004,,0
400082.6199,0.169499576,0.040816695,0.07105286799999999,,,0.090494535,0.36142178399999997,1.829532825,0
100065.5693,0.010150087,0.010830053999999999,0.011583163,0.010133045,0.01023777,0.010127723,,1.84908548,1
100054.6453,0.010958478999999998,0.010489038999999999,0.010659097,,0.010982688,0.020682221,0.010870901,1.37253424,1
300025.1329,0.010530458999999999,0.020760728,0.020962118999999998,0.020287661999999998,0.010183019,0.010961219,,,1
400004.0156,0.07007408700000001,0.080915108,,0.040671267000000004,0.334042966,0.090289842,0.010058208,1.872552565,0
,0.010311821,0.010900975,0.010177239,0.030279558999999998,0.01017047,,0.010902418,1.9335016090000001,1
400036.1113,0.010895171,0.010214238,0.010646996,0.030100158999999998,0.010793002,0.010468432,0.010687341000000001,,1
4916267.485,0.040834768,0.050547061,0.040849706,,0.050659342999999996,0.070633427,0.030525146,1.206776458,0
300098.6098,0.010002349,0.010784708999999998,,0.020511906,0.01074833,0.020419826999999998,0.010737479,1.653850592,1
300020.7157,,0.010194441,0.020796307,0.020955726,0.010307906,0.010342301,0.010387034,1.072051551,1
400075.7084,,,0.010858264,0.020633546000000003,0.010565251000000001,,0.010421459000000001,1.406726915,1
,0.010245131,0.010475558000000001,0.011433793000000001,0.020314439,0.010225662,0.030115937000000002,0.010133966,1.666931533,1
600047.223,0.010064122,0.030583258999999998,,0.020492433,0.010748213999999999,,0.010007705,,1
400015.8914,0.010263148,,0.011321699,0.010357573,0.010648828999999999,0.020845976999999998,0.010101353,1.8109500319999998,1
700081.0921,0.04010272,0.040084822,,0.040582382,0.08941389599999999,0.06045459999999999,0.090966702,1.4845482719999998,0
400047.6508,0.020483718999999997,0.020298133,0.010798602,0.020559392,0.010626473999999999,0.02003013,,1.75674921,1
100011.6288,0.010418884,0.010917129,0.011507525,,0.010437341999999999,0.030084883,0.010581377,1.417047454,1
300087.5721,0.010381289,0.010470518,0.010908883999999999,,0.01009461,0.020187952,0.010667837,1.9717859930000001,1
200063.5186,,0.010269468,0.010735755,,0.010468205999999999,,0.010641467,1.987974701,1
500009.7281,,0.01076297,0.010704491000000002,,0.010124877,0.030674027000000003,0.010680311000000001,1.864147529,1
500090.8439,0.010283848,0.020772172,0.011792526000000001,0.02082882,,0.030949241000000002,0.010199623,1.388883776,1
400003.5016,0.010048181,0.010021299999999999,,0.020008522,0.010300627,0.020274471000000002,0.010586448,1.4547418280000002,1
600003.975,,0.010879986000000001,,0.020186403000000002,0.010392816,0.020154593999999998,,1.246687198,1
500098.8568,0.010239176,0.01079817,0.010671973000000001,0.020679546,,0.02001489,0.010142246,1.784423093,1
300068.6182,0.010029258000000001,0.010324165,0.010598273,0.020808696,0.010047146,0.010666181,,1.8828376059999998,1
500037.6689,,0.010669043999999999,0.011136028999999999,0.020358439,0.010025334,0.010218588,0.010710915,1.9137116809999999,1
400050.4324,,0.010296294000000001,,0.020869693,0.010738836000000002,,0.010971433000000001,1.558284924,1
200076.3496,0.010610921,0.030929952,0.021153061,0.020013858,0.010679122,0.020485503000000002,0.010034718,,1
500004.8875,,0.01028196,,0.020076625,0.010607825,0.020233466000000002,0.010142011,1.14887672,1
600072.5928,0.20060992800000002,,0.274673069,0.040930301,0.27524767699999997,0.070689892,0.47993753899999997,,0
,0.01065246,0.010745167,0.010603386999999999,,0.010663365,,0.010485799999999998,1.450393581,1
700045.8891,0.080320277,0.030477134,0.071653016,0.040965515,0.050759688,0.070246679,0.080676267,,0
300058.2295,0.010103672,0.010653445,0.011353491,,0.010822439,0.020926835,0.010637566999999999,1.899650991,1
100033.909,0.010535565,,0.010328501,0.020184341,0.010026741,,0.010484466999999999,1.762585539,1
300017.0625,0.02016487,0.020313027,0.021696588,,0.010494209,0.040425714,0.020891772,1.882486307,1
400039.9193,0.040883439,0.020076438999999998,0.010967412,0.02063315,,0.020291678,0.0102455,2.284950218,1
300091.9777,0.010666456999999999,0.010791415,,0.020774611999999998,0.010822654,0.01080619,0.010253771,1.6732259859999998,1
,0.030847742,0.010365384,0.011687461000000001,0.020629709,0.010231502,0.040381077,0.080453202,1.664279904,1
500036.1007,0.020762661,0.020585099,0.021157991,0.010540572,0.010345145,,0.010703529,1.122814994,1
500032.4562,0.010807013999999998,0.010183336999999999,0.031618595,,0.010593091,0.010738731000000001,0.010372643,1.4073184230000002,1
200008.3582,0.010632952,,,0.020509376,0.010928711,0.020450788,0.010637435,1.275286951,1
,0.010710427,0.010153663,0.010600608000000001,0.020553774,0.010041233,0.030802202,0.010671512,1.716669741,1
500083.2865,0.010688663999999999,0.010826876000000001,,0.020014586,0.010763166000000001,0.030567512,0.010654213999999999,1.283384382,1
100090.4613,0.010320948,,0.011517366999999999,0.02073433,0.010887326999999999,0.030665908999999998,0.010120675,1.896198857,1
300072.3596,,0.010383884,0.011151174,0.020447227,0.010640982,0.020648896,0.010678375,1.826578892,1
400038.2996,0.010873194,0.010650749,0.010893783999999998,0.020223953,0.010167981999999999,0.030928529,,1.390026513,1
500029.8017,0.07005454,0.263489876,,0.050667800000000006,0.298010836,0.404285354,0.492266177,1.4979029430000002,0
,0.010500401000000001,0.020766266000000002,0.011281403,0.020229102,0.01024862,0.030676291,0.010648491000000001,1.694805193,1
400088.0457,0.010432763000000001,0.010374176,,0.020837103,0.030727296,0.020019434,0.010583746000000002,1.834369001,1
800092.4548,0.040904282,0.040189862,0.011020186000000001,0.060091677999999996,0.44296222399999996,,0.050199453,2.60962969,0
,,0.08064650200000001,0.140623811,0.060126739000000005,0.050748727,0.106918502,0.030187174,1.5747371609999998,0
800048.2673,,,0.040981869,0.080712827,0.017315031,0.08068322,0.020689402,,0
700012.8265,0.0605852,,0.050826272,0.030188853999999998,0.225561896,0.09055954,0.006897278000000001,2.456424601,0
300025.2911,0.010840637,,0.010251323,0.020527746,0.010807811,0.020355104,0.010547755,1.713795583,1
100088.3962,,0.010592075,0.011160178,0.020202512,0.010643757,0.020000089,0.010513177,1.884405045,1
2094379.8069999998,0.090545222,0.070325289,0.031359675,0.040007037,,,,1.720855671,0
,0.010179104,0.020988951000000002,,0.02037363,0.010152312,0.03035226,,1.018612775,1
500054.3695,0.010634461999999999,0.010123235999999999,0.011465191000000001,0.020093321,0.010738778000000001,0.020055266999999998,0.010757158000000001,,1
100031.4621,,0.010735877,0.011267566000000001,0.020045003999999998,,0.020164711999999998,0.010115074,1.4385088240000001,1
100038.2041,0.010534014,,0.010834221000000002,0.020314386,0.01060609,0.020677466999999998,0.010987641999999999,1.437820179,1
100079.1539,0.010479614,0.010434647,0.011744137,0.020757536,0.01027506,,0.010411082,1.11703682,1
500083.9179,,,0.010225854,0.02062913,0.010014869000000001,,,1.81468169,1
,0.070092714,0.447117857,0.06067725,,0.236855375,0.070845493,0.05038979,1.324855439,0
600041.6922,0.389180329,0.050076237999999995,,0.040748419,0.475598545,,,1.246228114,0
300064.289,0.010003874,0.010556926000000001,,0.020379544,0.01009323,0.010259145,,,1
500021.4081,0.010511528999999999,0.01027393,0.061342060999999996,0.03014626,0.01031677,,0.010820123999999999,1.37569214,1
100061.7271,0.010678463999999999,0.010132055,0.010550894,0.020872002,0.010268029,,0.010609209,1.5465537930000002,1
,0.034683801,0.13939226400000002,,,0.124476139,0.1932114,0.21571668800000002,1.561920154,0
,,,0.010657352,,0.010586041000000001,0.020227411,,1.395822229,1
4506213.651000001,0.18968491699999998,0.432336273,0.059813106,,0.41544324200000005,0.41232341,0.226499306,1.5840607780000002,1
4507140.045,,0.209980185,0.078353027,0.25750110600000004,0.462934271,0.37042181399999996,0.36881653700000006,3.612970567,1
900017.1481,0.080913153,0.080201584,0.090442749,0.060812635999999996,0.030513558,0.040866476,,1.657530542,0
,0.010682518,0.010134746,0.011281329,0.020219617,,,0.010859477,1.9509151980000001,1
400049.2667,,0.080323789,,0.040843721,0.010582801999999999,0.255049853,,,0
200035.4623,0.050099089000000006,0.070950545,0.060195512,0.040192446,0.395939592,0.070024242,,1.400079745,0
2149572.504,0.030511029,0.040532131,0.050922687,,0.226086751,0.040024681,0.010341206,1.831871339,0
500023.6805,0.010110128000000001,,0.010549575,0.020080011000000002,0.010079354,0.010072376,0.010900341000000001,1.134338342,1
400084.4833,0.080545262,0.060437276,0.031050629,0.040391307,0.424599354,,0.010792048,1.060466772,0
400081.6527,0.010688786,0.020669088000000002,0.011457541000000002,0.020863259,0.010797962,0.020006376,0.010919901000000001,,1
500084.6228,0.010147416999999999,0.030547696000000003,0.010045361,0.020029416,0.010711452,,0.010524588999999999,1.163898318,1
300037.0187,0.010777561000000001,0.010609054,0.01148742,0.020065672,0.010230041,0.02011704,,1.32421992,1
500038.323,0.020399051,0.040863135,0.010609847,0.010060024,0.010661577,,0.010128513,1.301726777,1
300086.1335,0.0108983,0.010380696,0.011010971000000001,0.020746488,,0.020269027,0.01043398,1.011680991,1
100046.3909,0.010307044,0.010748956,0.011108541000000001,0.010608142,0.010770087,,0.010131465,1.539905094,1
400057.0548,0.010061051,0.010156697,0.011203133999999998,,0.010993736,0.020340951,0.010899552,1.095372693,1
500069.5307,0.030219471,0.020058124,0.080619759,0.05022000099999999,0.195215415,0.080951105,,2.146514856,0
,0.050082833,0.11993873699999999,0.031197039,0.050358118,0.080768452,0.070784363,0.080028918,3.6311412069999998,0
400054.6313,0.010950395,0.010817176000000001,0.020654513,0.020323419,0.010799686999999999,0.01063023,0.010982798,,1
,0.010016371,0.010377548,0.010933507,0.020616676,0.010308717,0.010085079,0.01087683,1.974221631,1
500057.0892,0.298827258,,0.168631723,,0.369188256,0.488219279,0.010067445999999999,1.570838427,0
500092.7112,0.01001241,0.010605318999999998,,0.020244286,,0.010299014,,1.996850215,1
,0.040216227,0.030338236,0.194885888,0.030030856,,0.070270906,,2.553541573,0
,0.239702202,0.449273751,0.156450751,0.050049906,0.020101308999999998,,0.050904513,1.515458455,0
200017.8699,0.030642449,0.010898425,0.011108756000000001,0.020591769,,0.020951564,0.010742395,1.3306820659999998,1
200024.3504,0.010516991000000002,0.010850706000000002,,0.010598896000000002,0.01068963,0.020391117,,1.4300017980000002,1
400075.1779,0.010245542,0.030256792,0.010412570999999999,0.020172478,,0.020034482,0.010879557,,1
300019.9134,0.010193747,0.010285496,0.011232708000000001,0.020808247,0.01044758,0.020346539,,1.071037084,1
400098.2941,0.010090871,0.010779947,0.011024855,0.020556607,,0.020840163999999998,0.010244027,1.887739216,1
,,0.010701395,,0.020828553,,0.020757954,0.010876508,,1
300017.5436,0.010007793000000001,0.010492511999999999,0.011000393,0.020570267,0.010851481999999999,,,1.436184956,1
600085.8297,0.030602701,0.030967667999999997,0.031299806,,0.020255211999999998,0.060509872,0.01007862,1.8266295069999998,1
700090.9411,0.010478855,0.020476161,0.031009081,0.020634988,0.010616903,0.020081473,,1.3945346840000001,1
100096.1663,,0.010994906,0.011277593999999998,,0.01064269,0.010271633,0.010106751,1.6134748819999998,1
500057.06,0.010744443999999999,0.010490579,0.020445193,0.010621883,0.01069907,0.02027494,,1.818640735,1
300056.2879,0.010839349,,0.010405905,0.030082159,0.04006977,0.01012089,0.010677853000000001,1.886235039,1
,0.060262432000000005,0.060768773,0.05080187,0.07023728,0.060008635,0.070727111,0.07056103400000001,,0
200051.3679,0.010514238,,0.011116685,0.020742253999999998,0.050824633,0.010393395,0.010135944000000001,1.190784648,1
,0.010446774,0.010453259,0.010550926,0.020720298999999998,0.010669635,0.01005985,0.010384276999999999,1.258582251,1
600016.5277,0.020341211,0.030132854,0.011371437,0.020774162,0.010147811,,0.010071835,1.897865685,1
500049.3893,,0.010758506000000001,0.011411973999999998,0.020393732,,0.020080568,,,1
100053.5117,0.010982493000000001,0.010565237,0.011551444,0.020204715,0.010956581000000002,0.010339741999999999,0.010959966000000002,,1
800019.8807,0.070626465,,0.040638887,0.050063422999999996,0.030612472999999998,0.050555613,0.261649529,1.612809589,0
300062.3169,0.010181275,0.010798058000000001,0.010275905,0.020787694,0.010347719,0.010972151000000001,,1.819422242,1
300002.6315,0.010123017,0.040220448,0.011005512,,0.010015448,0.010210044,0.010536468,1.531889169,1
,0.46735461899999997,0.07085789099999999,0.080343198,,0.010910851000000001,0.21495765100000003,0.103579041,3.202075097,0
400053.3,0.020328536,0.040904729,0.030348794,0.020310908,0.020485222,0.020262165,,1.453893466,1
400032.6774,0.010268186,0.01029202,0.011759676,0.020570502,0.010265278000000001,,0.010064245,,1
,0.010550239,0.01072587,0.030786666,0.020948279,0.010516393,0.010956704,0.010272021,1.96605275,1
300036.1933,0.010180517,0.010339446,0.010684853999999999,0.020911192,0.010214685,,0.010138328,,1
300013.4921,0.010678492,,0.010946411000000001,,0.010704311999999999,0.020497022,0.010609597,1.695389952,1
100091.3814,,0.010170275,,0.020241433,0.010025784,0.010846477,0.010014863,1.7201646119999998,1
200064.0559,0.010034056999999999,,0.010711813,0.020119671000000002,0.010587949,0.010622211000000001,0.010747018,1.34689519,1
3637658.627,0.40894341700000003,0.354454489,0.12377898,0.256258291,0.16170069,0.055435109,,7.416290929,1
4829509.518999999,0.371610285,0.44985489100000003,0.028400817999999998,0.107941726,0.16495199,0.171052586,0.408559426,,1
300074.4558,0.010900571999999999,0.010267362,0.011444325,0.020773098,,,0.010020422,1.156495219,1
100084.2178,0.020846606,0.020176156,0.011098205,0.020473194,0.010108645999999999,,0.01011513,1.562056046,1
500051.6657,0.032619902,0.16795558600000002,0.25111812899999997,0.13022682300000002,0.020286004,0.265842657,0.260561024,,0
300015.1869,0.010169215,0.010475655,,0.020727168,0.010400791,,0.010653798999999999,1.426455536,1
100038.0664,0.020430451999999998,0.010785221000000001,0.030839297999999998,0.020119336,,0.020518252,0.010507768999999998,1.836270421,1
500082.1019,0.010416218,0.010130651999999999,,0.020197272,0.010862893,0.020267868,0.020538681,1.731387066,1
400017.1364,0.010728763,0.010051356,0.010831282,0.020963257,,0.020265718000000002,0.01030999,1.360031042,1
,0.010406474,0.010627506,,0.020378188999999998,0.010245765,0.030676178999999998,0.010261294,1.454212372,1
300096.6472,0.010951807,,,0.020497577,0.010427772,0.020567791999999998,,1.386389899,1
2964419.21,0.002167536,0.414047802,,0.020515158999999998,0.387154854,0.060131385,0.312725076,7.059000099999999,1
4419400.411,0.25371768899999997,0.18308121800000002,0.065069435,,0.167309693,0.28730828199999997,0.431968821,9.928153608999999,1
500099.9773,0.010346001,0.010515678999999998,0.010735465,,0.010147886,0.020028996,0.01057247,1.430277845,1
700006.3739,,0.080542582,0.070235219,0.030711534,0.336225482,0.070255187,0.020958593,,0
100042.5483,,0.010808483999999998,,0.020798457,0.010040043,0.010309159,0.010967092,1.945213487,1
100040.4338,0.010210031,0.010793686,,0.020121876,0.010607378,0.020645352,0.010874425,1.7842325980000002,1
400040.0293,0.010130877,0.010501867,0.011097562,0.020053178,,0.030858904,0.010481723,1.705571858,1
,0.010520516,0.030276632,0.010918576999999999,,0.010200216,0.020778287,,1.10933424,1
3804196.2660000003,,,0.09429385900000001,0.160134215,0.450915685,0.099578591,0.149142075,7.008921729,1
100061.3546,0.01040253,0.030886597999999998,0.011090118000000001,0.020961168,,0.020933833,0.010359424,1.59090473,1
300098.8061,0.010215761,0.010970289,0.030594898,0.020965933,0.010649453,0.020420617,,1.459380048,1
,0.010078739,0.010942526000000001,0.010532196,0.020217627,0.010037841,,0.010373381999999999,1.050339987,1
500035.4081,0.02093306,0.020638128000000002,,0.020441148,0.01063777,0.010387806999999999,0.010837196,2.228687584,1
,0.010602872,0.01009059,0.011230411000000001,0.020125584,0.010092661,0.030660318,0.01037767,1.834189061,1
500029.1498,0.070377492,0.040074708,0.010138346999999999,0.060623811,,0.070911627,0.444952116,3.015644693,0
500018.839,0.11331985900000001,0.267415855,0.08092033,,0.050982100999999995,0.070518568,0.250707295,1.863710865,0
,0.144742433,0.070031688,0.081540739,0.05099201,0.080896157,,0.040664737,1.0780690529999999,0
300044.9404,0.020333491999999998,,0.021372145,0.020435916000000002,0.010399631999999999,0.030217891,0.01088163,1.66904259,1
200024.36399999997,0.010692658999999998,0.010144159,0.010976287,0.020948955,,0.030057975,0.010163724,1.5002113240000001,1
500086.8727,0.030203816,,0.011237374,,0.010010146,0.01009168,0.010607435,1.217993799,1
100052.8611,0.010958714,0.010789848000000001,0.010225409,0.0206581,0.01057582,0.020073835,,1.571615725,1
400091.4135,0.010711832,0.040566253,0.010944578,0.020126738999999998,,0.01044568,0.010017612,1.122189151,1
500097.393,0.010166907,0.010377414,,0.020880833,0.010139821,0.010810853999999998,,1.6711662330000001,1
100058.5426,0.010442777,0.010821586000000001,,0.020530724,0.010934855,0.010769329,0.010404752,1.599585548,1
4368861.395,0.034185449,,0.22190457100000002,0.12921954900000002,0.13849762,0.266979089,0.287124777,0.062257874000000005,1
1078.757501,0.042485373,0.034169734,0.225368801,0.204209523,0.007381831,0.35138240200000004,0.253373576,,1
200059.3561,0.010529331000000001,,0.010512052,0.020640903999999998,0.010497508000000001,0.010063973,0.010523537,1.152500637,1
4397555.105,,0.20490825,0.02675933,0.050854892,0.190633049,0.032465767,0.17928998,7.019621067,0
500042.4476,0.061690691,0.22150829600000002,,0.04031769,0.117125621,0.050800077,0.060571084000000004,3.4351755460000004,0
100060.7257,0.010923198,0.010732476000000001,0.011368629,0.02008618,0.010192136999999999,,0.010063863000000001,,1
,0.010152834,,0.011038382,0.020603397,0.010798443999999999,,0.010737931000000001,1.617390171,1
100092.4772,0.010405721,0.010921075,0.01112316,0.020881311,0.010429242,,0.010303032,1.520129415,1
,0.010312476,0.010222223,,0.020442006999999998,0.010361885,,0.030938827000000002,1.863868223,1
400010.45,0.010693899,0.010083609,,0.020244599,0.010920853999999999,0.010926217,0.010309941,1.097697918,1
100070.0225,0.010890688,0.010073702,0.010740916999999999,0.020780878,0.010130745,0.010461482,0.010440169000000001,,1
2148694.297,0.449469868,,0.034433988,0.061623172999999996,0.101752026,0.40688979200000003,0.19671729699999999,2.6787585430000003,1
2849595.902,0.17681950100000002,0.06008906,0.022257058,0.246348015,,0.187525789,0.38749708899999996,8.264881044,1
100021.4479,0.010326439,,0.030658936,0.020469598000000002,0.010779443,0.010168813,0.010022451,1.143156022,1
500024.8799,,0.284555513,0.050901727,0.04060515,0.05041368,0.04091477,0.040477181,1.559370572,0
300022.6653,0.010388784,0.010961195,,0.020496906999999998,0.010927553000000001,0.010703651000000002,0.010694641999999999,1.004579624,1
300070.3004,0.010896828999999999,0.010466425,0.010293286,0.020540219,0.01041297,0.02062813,,2.766681999,1
300075.4153,0.01067612,0.010786996,0.010766857,0.030552105,0.020862749,0.010004939000000001,0.010125084,,1
200054.7287,0.010828397,0.010422568,0.011694395,0.020020386,0.010142633,0.010320411,,1.91682127,1
,0.08011008900000001,0.06094373,0.040704204,0.030015898,0.040311394,0.456109449,0.060275468,1.986968275,0
400063.0573,0.08027922700000001,0.080001314,,0.04083064,0.050764277999999996,0.159602891,0.040822717,1.5051331019999998,0
300098.5457,0.030767636,,,0.030120567,0.030384332000000003,0.030027922999999998,0.050001304,1.271421624,1
800063.4278,0.070216057,,0.050584721,0.144737656,0.164889834,0.070515494,0.020418883,1.100750512,0
,0.010034062,0.010346471,,0.020276981,0.010592826999999999,0.02058514,0.01012159,,1
500090.9187,0.020436552,0.020557503,0.020296819,,0.020168168,0.030524171,0.020841369,2.585609126,1
300057.0837,0.020936864,0.020299785,0.031273444,0.020191161000000003,0.030065118999999998,,,,1
3960370.472,0.43751636299999996,0.174287489,0.071059386,0.111898405,0.102117835,0.080743413,,1.0829626490000002,0
400095.7139,,,0.011607995,0.020093985,0.010979798,0.030653221,0.030284113999999997,1.661596193,1
500043.9923,0.010359553,0.030684202999999997,0.011392467,0.02003014,0.010760938000000001,0.020896177,,,1
,0.010026839000000001,0.010792409,0.011052022,0.02046385,0.010758886,0.010007142,0.010193486,,1
500072.0262,0.030500418999999997,0.060348624000000003,0.010523045,0.020167933,0.010942248,,0.010137283,1.938557864,1
800067.8778,0.070827015,0.080250075,,0.04003849,0.020148163,,0.38360736799999995,1.5904831769999999,0
100021.2759,0.010258982,0.010345003,0.011772765,0.020853376,0.010494038,,0.010274654,1.440634681,1
3468966.0360000003,,0.020960502,0.026045296000000003,0.100809524,0.034986574,0.475016974,0.079104892,3.7434560130000003,1
200027.4479,,0.010927486,0.010350629,,0.010365054,0.020154017,0.010165022,1.65591382,1
100086.7518,0.030660732000000003,0.010756072,0.011013277,,,0.020018373,0.020419306,,1
500055.9357,0.01032941,0.010288239,0.031015538,,0.01027018,0.030893652999999997,0.020895192,1.8396974209999999,1
500046.4628,0.010659496000000001,0.01060618,0.011428618,0.020908821,0.01001668,0.020959289,,1.5326235019999999,1
4918556.711,0.07116986,0.038296417,0.18324215300000002,0.07799772599999999,0.34356455700000005,,0.070574912,9.014956193,1
1065.700854,0.370263295,0.22826256399999997,0.054709542,0.119896562,0.360663464,0.464422568,,3.1834482810000004,1
300065.392,0.020391119,0.020901981,0.0313197,,0.010446805,0.010012023,0.010034270999999999,1.367189905,1
600065.7729,0.090033505,0.07059570700000001,0.050784499000000004,0.05097945,0.080542769,0.040912387,0.020324158999999998,,1
,0.334124658,0.349623038,0.27450088100000003,0.0232926,0.37492401,0.203659802,0.119745848,5.970829232000001,1
4245469.73,,0.285678606,0.010659705,,0.10953868,0.05045521,0.010695425,1.866887055,0
3703523.4489999996,0.314346671,,0.010296527,0.06073346,0.010130018000000001,0.020496529,,1.40677676,0
400037.5332,0.010984016000000001,0.010414218000000001,0.010971973000000001,,0.010955118,0.01006301,0.010183247,1.112615141,1
,0.010983421,0.030661209,0.031219032,,0.010137186999999999,,0.010956617,1.4438458369999998,1
500034.2421,,0.010783485,0.010564998999999999,0.020237203,0.010660158000000001,0.010004296,0.010078168,1.3001844009999999,1
2896892.49,0.040865702999999996,0.030247886,0.283920655,0.040223971000000004,,0.42119395200000004,0.010851815,1.401386854,0
500038.3944,0.020800961,,0.041363627,0.020570332,0.04053092,,0.010446346,1.833363563,1
2768329.3430000003,0.438881963,0.33117587,0.141892514,0.264344017,0.331466455,0.408117643,,2.977951825,1
100048.0933,,0.010006913000000001,0.030951396000000003,0.020643227,0.030776656,0.010430034,0.010621061999999999,1.390175938,1
,0.010127123,0.010766639,0.060927665,0.030478047999999997,0.010314742,0.02082717,0.010743161000000001,1.360448893,1
200093.7559,0.010654621000000001,0.010021833,0.010618966,0.020068265,0.010532136999999999,0.010743955,0.010835734,,1
100051.7254,,0.010393103,0.011653575,,0.010162853000000001,0.01020124,0.010881962,1.260130194,1
500090.3069,,0.01025254,0.010558403000000001,0.02018705,,0.010883553,0.010798011000000001,1.086815101,1
100021.8193,,0.010204217,0.011442078999999999,0.010538046,0.010209589,0.010530445,0.010843301999999999,1.429397337,1
,0.070070755,0.090662279,0.080448905,0.060716726,0.234552602,0.080471264,0.15476249,1.257282785,0
4659691.383,0.437706806,0.23375850899999998,0.185957103,,0.34378962399999996,0.49342611200000003,0.384966938,1.250143813,1
400046.5403,0.010268169,0.010006903000000001,0.030958665,0.010718968999999998,0.010193064,,0.010120771,1.4248584119999999,1
500002.19299999997,0.010152921,0.010746423,0.010982118,0.020947195,0.010630943,0.010438656,,1.119207259,1
300080.8281,,0.010799671,0.031086542999999998,0.020652427,0.010778184,,,1.495066924,1
400017.92100000003,0.050316375,0.050907799000000004,0.081325255,0.06011015,0.35304238299999996,,0.070426998,1.7064072280000002,0
200016.5392,0.030959112,0.010974573999999999,0.010234238,,0.010963703,0.01027535,,1.243573373,1
,0.020498673999999998,0.020119863,0.010738056999999999,,0.060765719,,0.010169318,2.785070082,0
3340402.588,0.060738609000000006,0.05051897,0.08110414099999999,0.050208209000000004,0.29766820899999996,0.08060161099999999,0.06060737099999999,,0
4447961.76,0.070668014,0.034067229,0.05615024,,0.37643706,0.248361102,0.43256632700000003,3.4013847060000004,1
800029.8105,0.080605353,,0.060444213,0.060121842,0.030349953,0.48427297,,1.0033941229999999,0
500076.8335,0.010576451,0.02095391,0.010782993000000001,0.020289457,0.010676816,0.010457042,,1.220676892,1
500050.115,0.010807378999999999,,0.01101057,0.020073606,0.010337876999999999,0.010336071,0.01098496,1.001300569,1
2295011.905,0.35712120299999994,,0.226771225,0.034673202,0.049378156,0.27348854300000003,0.201484954,5.35200777,1
500005.7853,0.010878228,0.010067344,0.03164049,,0.010164003000000001,0.010658603999999999,0.010255618000000001,1.142484055,1
300043.6752,0.010902373,0.010437535,0.010699692,0.020276606000000003,,0.010005904,0.010228652,1.2680759990000001,1
400057.2255,0.010152233,0.01032084,0.010952181,0.020981666,,0.010619173,0.020971828999999997,1.174892065,1
4578780.36,,0.080134052,0.070737046,0.060301027,0.040597097,0.070543383,0.362083085,3.138648972,0
,,0.010134585,0.010838538,0.020149063999999998,0.010258549,0.020528712,0.010813376999999999,1.59888561,1
100012.6099,0.010060705,,0.011681668999999999,0.010500819,0.010893981,0.020950717,0.010462355,1.901057906,1
500030.0117,0.030389827,,0.010518293,0.040926367000000005,0.010496328000000001,,0.010213238000000001,1.9393797659999998,1
100000.2122,0.010299965999999999,0.010944256999999999,,0.020124316,,0.010466372,0.010374039,,1
2082887.024,0.06073418,0.03098834,0.060959623,0.040455602,0.306841174,0.070929508,,4.482671375,0
4697469.303,0.153993014,0.335581986,0.086205962,0.18655546899999997,0.391484096,0.283310291,0.405659579,,1
300075.1304,0.020792575,,,0.020385528,0.010399659,,0.02055163,1.5237800369999999,1
,0.010782729,0.010226854,0.011334476999999999,0.020855401000000003,0.010476705,0.010877816,0.010389878,1.264872594,1
200034.932,0.010532398,0.010446031,0.010842723,0.020307435,,0.010461296,0.010488134,1.06835722,1
700015.1341,0.060253352,0.060266220999999995,0.031519557000000004,0.020367297,0.28838793,,,1.4363270769999998,0
,0.010070955,,0.011812864,,0.010906503,0.020056683,0.020556736000000003,1.173853037,1
500080.8652,,0.010432905,0.010543337,,0.020407491,0.020233446000000002,0.020535314,1.026107108,1
4699806.502,,0.326210418,0.225324117,0.22414387600000002,0.47201459700000004,0.43572607399999996,0.253801104,3.883556687,1
3572318.0289999996,0.265524419,0.357553516,0.069826922,0.285041434,0.23651532,0.41440084899999996,0.161240794,,1
100063.957,0.010129612,0.010419228,0.02017624,,0.010087855,0.020408793,,1.961558573,1
100072.9322,0.010450614,0.010506861000000001,0.010776536000000001,,0.010654253999999998,0.010193468,0.0100946,1.762414484,1
100085.9846,,0.030324325,0.011151696000000001,0.02055824,,0.020110447,0.010552744,1.007348661,1
,0.010856111000000002,0.010684688999999999,0.010357982,0.020236022,0.010138654,0.02032824,0.010346441999999999,1.68003864,1
,0.010498445,,0.011099039,0.020888317,0.010790043999999999,0.03007447,0.010419797,1.705950754,1
,0.010048785,0.010435663000000001,0.010631781000000002,0.020412931000000002,0.010973954,0.010237895,,1.645128787,1
300016.3566,0.020313832,0.010793023999999998,0.01107549,0.020044813,0.010959956000000002,,0.020960596,1.552309845,1
2360598.538,,0.252405312,0.09441343,0.11391656300000001,0.48807326799999995,0.13910552,0.036415402,8.17687744,1
2533382.275,,0.243999679,0.07599461099999999,0.006823305,0.41559431,0.46116904700000005,0.163512147,,1
4118322.784,0.248919155,0.46798777700000005,,0.18482594600000002,0.40203463100000003,,0.269125167,,1
100058.0618,0.020497868,0.030501267000000002,0.010782614,0.020887363,,0.010890773999999999,0.01022423,1.370864719,1
300047.5235,0.194640841,0.080555182,0.071099167,0.06085828099999999,0.090427096,0.09058886,,,0
,0.010595128,0.01063075,0.011007893999999999,0.020593771,0.040520579,0.010914054,0.010663293,1.856376908,1
100053.0778,0.020536425,0.010097989,,0.020634803,0.01008636,0.010040806999999999,0.020751564,1.40243355,1
100022.731,0.010330873,,0.010448656,,,0.020054361,0.010067943000000001,1.318019117,1
400070.9485,0.02041169,0.020615725,0.011190717,0.020439198999999998,,0.020049699,0.010238553000000001,1.608635431,1
,0.058572583,0.12021177699999999,0.221938319,0.036759138999999996,0.23164744,0.410375125,,,1
4494079.268999999,0.34245424700000004,0.41962680799999996,,0.058171205,,0.47595325299999997,0.038136445,9.811757042,1
,0.010462606999999999,0.010267229000000001,0.01057165,0.020531594,0.010606286999999999,0.020764317,0.010600624,1.591594409,1
200022.9306,0.030367823999999998,0.020039506000000002,0.021589748,0.020435215,,0.030176695,0.010876476000000001,1.332571407,1
300018.2228,0.010679571,0.020296562,0.010709586,0.020356483999999998,0.010303346,,0.010192292,1.853063629,1
100016.6353,0.010567779,0.010556365,0.01017548,,0.010096024,0.020199386,0.010607055,1.442397893,1
2104501.462,0.485072316,0.10758480599999999,0.061614632,0.080890528,,0.080862453,0.050675957,1.904355478,0
500020.2747,,0.020689125,0.011066693999999998,0.020536648,0.010004447,0.030198611,0.010438725,1.033179406,1
4273516.131,0.380171673,0.292051425,0.161663676,0.272711494,,0.11746322199999999,0.199447779,8.619898353,1
4871336.534,0.201475789,0.25502016899999996,,0.13071935199999998,0.41625665799999995,0.497686905,0.324875491,0.8382088209999999,1
,0.020765651,,0.01074343,0.040443134,0.03048812,0.020861131,0.010716456000000001,1.5485663,1
,0.040756581,0.040546692,,0.020089773999999998,0.030111761,0.020575589,0.010461657,1.048738593,1
3028611.545,0.24782211,,0.24378513300000001,0.140493124,0.46615159899999997,0.343826274,0.284176959,3.377119903,1
200066.072,0.010770156999999999,,0.010968513000000001,0.020754379,,0.030291369,0.010507608,,1
200094.1231,0.010978661,0.010109222,0.010974002,0.020192685,,0.020066673,0.010195862,1.241501742,1
100017.8899,0.010492061,0.030659176,0.010898623999999999,,0.010365334,0.010402375,0.01008981,1.956416361,1
400074.6551,0.010258095,0.020580006,,0.020546894,0.010985958999999998,0.02021275,0.010918991000000001,1.9356613759999999,1
500004.9469,,0.010909951999999999,0.021324778,0.020743478,0.010378456999999999,0.020474768,0.010106262,1.818714437,1
300007.1285,0.010974381,0.020636006000000002,0.011636991999999999,0.020445103,0.010668228,0.020728216,,1.728261848,1
334328.789,0.019360273,0.01124774,0.017305854,0.026464774,0.01833152,0.023982822,,1.83522051,1
,0.015522616000000001,,0.015493085,0.023304236000000002,0.016194716,0.013606366000000002,0.017565095,1.413900749,1
549234.5104,0.036947432,0.039727339,0.01327755,0.028378032,,0.029541745,0.010319225999999999,1.3568689859999998,1
145134.05800000002,0.01240905,0.03715045,,0.022815077000000003,0.017310508,0.011377628999999998,,1.138601716,1
158820.9385,0.013661568,0.038067595,0.015037808,0.014895943,0.018770487,,0.014494436000000001,,1
404229.7798,0.039729583,0.021892067999999997,0.016671203,0.035864396,0.016751124,0.02361022,0.016202783999999998,,1
117811.6954,0.013596348999999999,0.010567047,,0.03335849,0.02175669,0.022089467,0.019051536,1.6753911769999998,1
446846.82,,0.011040116,0.017455461000000002,0.027362675,0.025618613999999998,0.031841941,0.025972113999999998,1.29993699,1
413412.2933,0.012126015,0.018949417,0.010714528000000001,0.022424866,0.010537544,0.034417221,,1.897191351,1
219665.8191,,0.013073669,0.014560577,0.011016693999999999,,0.033320928,0.012973468,1.062045221,1
